Sub-Map BrainLift,Twitter Account
https://workflowy.com/s/copy-of-kathryns-bra/ZfCBHQQEfMBq4AOD,@brainlift_k8alp
https://workflowy.com/s/kathryns-brainlift-2/CpGdtiAQg8JDWigq,@brainlift_k8al2
https://workflowy.com/s/alpha-k-8-brainlift/X0xVyQqjSSycui1O,@brainlift_k8al3
https://workflowy.com/s/earning-5s-on-ap-tes/rSCPmk7ETK2WuUhG,@brainlift_hsnov
https://workflowy.com/s/ap-curricula-framewo/B8shghIvDkNlugWd,@brainlift_apcfr
https://workflowy.com/s/high-school-curricul/w0VQLdHw08pVGbdd,@brainlift_hscur
https://workflowy.com/s/things-needed-to-mak/CME3NSylvlSckANN,@brainlift_scale
https://workflowy.com/s/how-to-create-great/asdT6dLYs7tm86UN,@brainlift_asycr
https://workflowy.com/s/vibe-coding-for-non/WHwY5cmrNiztSMjF,@brainlift_vibec
https://workflowy.com/s/1750-ap-language-and/QzAOzJMSJVEqk3CL,@brainlift_aplgc
https://workflowy.com/s/brainlift-on-vocabul/0gE8Yqz90wrrjz02,@brainlift_voins
https://workflowy.com/s/di-video-script-2nd/SBcIjrOYJcd1o2R2,@brainlift_direc
https://workflowy.com/s/brainlift-middle-sch/4Jnhld7a8XHQnpHV,@brainlift_msfrl
https://workflowy.com/s/qc-first/F4aN6l6yUs2JC4rj,@brainlift_qfirs
https://workflowy.com/s/ap-language-literatu/RPmdsrvfmIO3B7RR,@brainlift_aplla
https://workflowy.com/s/sat-reading-brainlif/H7OXZFH5pNm5NION,@brainlift_satre
https://workflowy.com/s/all-the-notes-this-i/wgh86sXgzZDmeWLb,@brainlift_all2b
https://workflowy.com/s/brainlift-2024-2025/IvTznu1nw1eSKw57,@brainlift_apinf
https://workflowy.com/s/brainlift-building-a/j8lhFYmvazC1Wn82,@brainlift_learn
https://workflowy.com/s/brainlift-building-m/nqsGDutFSAUQxdI4,@brainlift_asses
https://workflowy.com/s/brainlift-incept-met/DvIy9i8AKRrEwiHC,@brainlift_incme
https://workflowy.com/s/brainlift-building-a/eDpaPD0UfnYwHQWj,@brainlift_class
https://workflowy.com/s/brainlift-what-your/6vANhbrpW5Cpjona,@brainlift_2hour
https://workflowy.com/s/brainlift-ai-based-a/r8YnhXWTZ7tTYwT3,@brainlift_aipbl
https://workflowy.com/s/hs-science/c66A2KkLXAggBK1K,@brainlift_hssci
https://workflowy.com/s/ap-biology-wip/jfIo4UZ5lAcjZokI,@brainlift_apbio
https://workflowy.com/s/ap-brainlift-wip/xe2CXZHE8PcyqWLU,@brainlift_apgen
https://workflowy.com/s/ap-vocabulary-flashc/tWflEhdqwfnPnGmd,@brainlift_apvfl
https://workflowy.com/s/video-playlists-for/VgpWQgBOHShaa7g4,@brainlift_vidpl
https://workflowy.com/s/dok4-with-mcqs/Y1nOnFEzh8uqxG0h,@brainlift_soseb
https://workflowy.com/s/science-education-br/bC7OSxzxgX0RtnhD,@brainlift_scied
https://workflowy.com/s/atx-l3-and-sports-ac/0Tx12pzfD7gRYyUG,@brainlift_atxl3
https://workflowy.com/s/financial-literacy-b/KMTaqguNcXK3CYjk,@brainlift_finli
https://workflowy.com/s/language-g3-12/DbJ7nWiCf3OpSvFp,@brainlift_lg312
https://workflowy.com/s/tutoring/TXBTIneJA0PzfWaG,@brainlift_tutor
https://workflowy.com/s/science-learning-gra/AkaPw4b4weUNCIeq,@brainlift_scilg
https://workflowy.com/s/making-the-science-l/LJJUlMNukKEvH2rV,@brainlift_maksl
https://workflowy.com/s/physics-learning-gra/x6Df9OokDQXVtIeD,@brainlift_phylg
https://workflowy.com/s/course-building-usin/eRAwkO84SZCOKO5K,@brainlift_cbldg
https://workflowy.com/s/ap-science-scaffoldi/sO2FpcCQAYrdR2f2,@brainlift_apscs
https://workflowy.com/s/ap-csa/utQAdRwTMZg1KeDV,@brainlift_apcsa
https://workflowy.com/s/on-level-compsci/EISgi9vBrnE9GYgd,@brainlift_onlcs
https://workflowy.com/s/ap-csa-new/vsjctt469TPlGx6k,@brainlift_apcsn
https://workflowy.com/s/science-of-learning/JJbw1ePLeAfZDRX6,@brainlift_scile
https://workflowy.com/s/math-learning-in-k-3/ERWhewZqd5UtH7n6,@brainlift_mathk
https://workflowy.com/s/teaching-place-value/GSyWruA6SEk7QUwt,@brainlift_plval
https://workflowy.com/s/procedural-knowledge/jlxhyMKoiZXw5E7y,@brainlift_prcon
https://workflowy.com/s/math-in-k-2/fa5Ku5UMnOx75sYk,@brainlift_mathk2
https://workflowy.com/s/brainlift-math-3-6-b/mifC9nNyqxDpGesg,@brainlift_math36
https://workflowy.com/s/other-old/qAxb1QgbS4DTgiYK,@brainlift_other
https://workflowy.com/s/standard-tests/WbCCiVgtL8BKnFlx,@brainlift_stest
https://workflowy.com/s/math-instruction-bra/CwnWSEAQ6Gf4vvlN,@brainlift_mathin
https://workflowy.com/s/fact-fluencyfast-mat/y5OttXwDqrEdCqkY,@brainlift_factf
https://workflowy.com/s/learning-science-bra/fbVAnd1tyhXI4R7E,@brainlift_leasc
https://workflowy.com/s/direct-instruction-b/VQygwWJp7Ull6ahx,@brainlift_dirin
https://workflowy.com/s/sat-math-question-ge/9SWQbm4Yuxjb5cR1,@brainlift_satmq
https://workflowy.com/s/targeted-sat-practic/VUdu1VqQr2y7kFd0,@brainlift_satpr
https://workflowy.com/s/ap-math-brainlift-wi/EvbF5qQrm6g8otde,@brainlift_apmat
https://workflowy.com/s/incept-brainlift/cwZh55aqZ0Xol3lD,@brainlift_incep
https://workflowy.com/s/coaching-brainlift-w/nEgNlndRl76x8nFo,@brainlift_coach
https://workflowy.com/s/math-academy-brainli/HWc6j1BGq40sfoS0,@brainlift_macad
https://workflowy.com/s/sat-launch-brainlift/3UkWT4B9gtA5d0RM,@brainlift_satla
https://workflowy.com/s/grade-capped-sat-mat/z0ScFbMnznzNoUhf,@brainlift_grcap
https://workflowy.com/s/sat-math-program-202/4FScJdeZRo1YaejP,@brainlift_satmp
https://workflowy.com/s/reading-g3-12-alex/ISzgBdDw6zDUSmNJ,@brainlift_rg312
https://workflowy.com/s/alpha-read-20/x1FfL3uzdce8m0Yt,@brainlift_alphr
https://workflowy.com/s/brainlift/NknCYMKd2u2cK195,@brainlift_ela38
https://workflowy.com/s/writing/F9xSKljBa6DAy6d3,@brainlift_elawr
https://workflowy.com/s/hs-language-curricul/F5rJt86e7n6ralxv,@brainlift_hslcu
https://workflowy.com/s/brainlift-math-78/9dDfyWJiGwk5FD6z,@brainlift_mat78
https://workflowy.com/s/brainlift-iseessat-b/pMiPfpe5ctGN3P0t,@brainlift_isees
https://workflowy.com/s/the-math-academy-way/8iJloWhWS9IXN4XL,@brainlift_macaw
https://workflowy.com/s/test-taking-strategi/HxTqHyvGaloOXxDP,@brainlift_ttstr
https://workflowy.com/s/tutoringcoaching-ins/CGfqMuOs7UMXYVYK,@brainlift_tutoi
https://workflowy.com/s/prev-2b/SZUem3Z63KBWwnFl,@brainlift_prev2
https://workflowy.com/s/ap-statistics/OVgQ2vvfeyzTa7Kf,@brainlift_apsta
https://workflowy.com/s/statistics/LdK30noBzshXTIIp,@brainlift_stati
https://workflowy.com/s/how-to-get-5s-effici/XTHjGWciTACVVFUt,@brainlift_5saps
https://workflowy.com/s/piris-2nd-brain/H0yy2XMQdIoS3rBG,@brainlift_piriy
https://workflowy.com/s/the-math-academy-way/CXSiDORlKTjISNU6,@brainlift_mapir
https://workflowy.com/s/tutoring/LMTPyW7mxHXaVLYY,@brainlift_tutpr
https://workflowy.com/s/weekly-accountabilit/CD313mvVwvHTKaLK,@brainlift_wkacc
https://workflowy.com/s/cognitive-assessment/x2f4hnpVEq23CnWV,@brainlift_cogas
https://workflowy.com/s/brainlift-for-nextge/7Yf1xLUldabzILwc,@brainlift_gamif
https://workflowy.com/s/brainlift-for-gt-sch/gOjZ73wO3XbeiXnW,@brainlift_gtsch
https://workflowy.com/s/coaching-brainlift/QALGsnLHdJC76U7u,@brainlift_coapr
https://workflowy.com/s/bruna-2nd-brain/gafMu2vjUpSD5iz8,@brainlift_cobru
https://workflowy.com/s/brainlift-coaching-w/imdICMSbi62B8Xgk,@brainlift_cobr2
https://workflowy.com/s/brainlift-behaviour/k47jfVgCz4IJnmNi,@brainlift_behav
https://workflowy.com/s/brainlift-alpha-miam/RadSsFNhbh4rgEEA,@brainlift_almia
https://workflowy.com/s/brainlift-fast-math/ucGihkohbt9ZOj4o,@brainlift_cofma
https://workflowy.com/s/brainlift-ap/5pp5IhBnUDWa0omK,@brainlift_cotri
https://workflowy.com/s/brainlift-rethinking/oaV8jwk6sxTrGyDz,@brainlift_rethi
https://workflowy.com/s/brainlift-brownsvill/5OVULNdRaZkeozWA,@brainlift_brown
https://workflowy.com/s/brainlift-personaliz/KAixMQx1WNcvDKfO,@brainlift_perso
https://workflowy.com/s/brainlift-brownsvill/9u3qs09IHXTOTdIs,@brainlift_bropr
https://workflowy.com/s/triptis-second-brain/lnbhgjmVLZ7MGZux,@brainlift_2ndap
https://workflowy.com/s/peps-mccrea-books-vs/WzdaEF3IYphpLgmu,@brainlift_pepsm
https://workflowy.com/s/alpha-findings-brain/JAHzo5h7aJShhEhA,@branlift_coana
https://workflowy.com/s/learn-and-earn-brain/UMsJjBQioHvICnnT,@brainlift_leanr
https://workflowy.com/s/ux-thoughts-brainlif/axNHLez3M2Wa6lxt,@brainlift_uxtho
https://workflowy.com/s/danielas-second-brai/1nK0kvN6VYknFzw7,@brainlift_codan
https://workflowy.com/s/texas-preparatory-sc/RvrwDaolXtWeQY3Z,@brainlift_texas
https://workflowy.com/s/optimizing-retrieval/RSEfFZ1e0ywpsuRe,@brainlift_orpad
https://workflowy.com/s/diagnosing-addressin/438ycghy0RdkJObb,@brainlift_dasix
https://workflowy.com/s/actionable-behaviora/4Pay0eeyBOuWFXEu,@brainlift_abcpp
https://workflowy.com/s/prompt-engineering-b/Poy8gHgb9tXrKpXI,@brainlift_proen
https://workflowy.com/s/ai-self-adaptation-a/D8e3YJuZ42vY7cT6,@brainlift_aisad
https://workflowy.com/s/ai-powered-personali/2t9nX4rFh1jrAe1z,@brainlift_aippe
https://workflowy.com/s/ai-with-social-and-e/tcG4JZQOLhgQtgN4,@brainlift_aisem
https://workflowy.com/s/brain-inspired-ai-an/MI62dNAwzp1Jfbxg,@brainlift_baica
https://workflowy.com/s/learning-behaviour-b/2EYhU8nuAfSKmULO,@brainlift_leabe
https://workflowy.com/s/general-learning-bra/ZxXzjKw81lR9baim,@brainlift_genle
https://workflowy.com/s/academic-projects-br/AfMJ3yad36BLRuYp,@brainlift_acapr
https://workflowy.com/s/fast-math-brainlift/mSxgk3DNwhTNH8EQ,@brainlift_smath
https://workflowy.com/s/math-brainlift/766Vb5eWmrFeFpdg,@brainlift_mathb
https://workflowy.com/s/motivation-in-educat/QI4GZqxq3j0KOcKj,@brainlift_moted
https://workflowy.com/s/vr-in-education-brai/X7KY1O67v4u7d95s,@brainlift_vredu
https://workflowy.com/s/coaching-brainlift/cAGVjj3ZA7XRug2G,@brainlift_alcoa
https://workflowy.com/s/sat-cycle-brainlift/mBOlmr23q9Hdy4Mx,@brainlift_satcy
https://workflowy.com/s/coaching-high-school/mfLEmABnF2MsZ2Rj,@brainlift_coahs
https://workflowy.com/s/metrics-to-track-to/2oowkDJrgjeu2Jlx,@brainlift_aplea
https://workflowy.com/s/ap-brainlift/3qKigshkX9wGTBb6,@brainlift_apcfr
https://workflowy.com/s/ap-practice-tests/NmoVCILYbxaY5jjS,@brainlift_apprt
https://workflowy.com/s/2nd-brain/R6hqTCtLRGoBDP0m,@brainlift_harsb