BrainLift,Twitter Account
https://workflowy.com/s/apex-academy-v7/hmwfY8CjUJs7Ryvv,@brainlift_apex
https://workflowy.com/s/ludwitt-the-ai-first/cdpfiX3Gg7iKyxOX,@brainlift_ludwi
https://workflowy.com/s/lifecore-dashboard/6kqtEbvsFmAV8gzc,@brainlift_lifec
https://workflowy.com/s/sidequests-proof-of/UoOvxsM3B9UGTzj2,@brainlift_sideq
https://workflowy.com/s/strata-school-texas/1Nrn0GWfqBGlrq29,@brainlift_strat
https://workflowy.com/s/tigerwallet-brainlif/HLCyqf5zDI94REXB,@brainlift_tiger
https://workflowy.com/s/sat-prep-scale/QqrmzegkaitcgMHa,@brainlift_clear
https://workflowy.com/s/an-offline-local-hig/UZhCPgT808bbrFNH,@brainlift_susu
https://workflowy.com/s/brainmaxxing/SiXS6tItfinDYADc,@brainlift_brain
https://workflowy.com/s/dreamupgg-ai-game-cr/trHJwn15eBmaxLql,@brainlift_dre
https://workflowy.com/s/snou/gsNOm5XTN1H58D31#/20a27f27fb52,@brainlift_snou
https://workflowy.com/s/incept-superbuilders/pYeYNREm0ALhi1Ke,@brainlift_incep
https://workflowy.com/s/leadify-monthly-repo/rsroyFF15VSdsKXg,@brainlift_leadi
https://workflowy.com/s/mathko/KuD9nQKqdoqn2JAX#/a8b96c46ef1d,@brainlift_mathk
https://workflowy.com/s/nextgen-after-school/bzPeYts18qWzJto8,@brainlift_nextg
https://workflowy.com/s/learningllm/kLW5KnucIZEJIiTh,@brainlift_pathw
https://workflowy.com/s/playcademy/gmYgPafAfdnZekWq,@brainlift_playc
https://workflowy.com/s/vibe-marketing/r0T8v23EKuulzGfw,@brainlift_postv
https://workflowy.com/s/robinhood-for-kids-m/IzSnt59u8tIsx2z6,@brainlift_banya
https://workflowy.com/s/sat-monsters-brainli/DCexLvaEHstsXczF,@brainlift_satmo
https://workflowy.com/s/hamiltonian-history/DOgmvgV8umhEV9W8,@brainlift_tikto
https://workflowy.com/s/vibe-marketing-short/v6zNOfBWdmvQorT8,@brainlift_vibeo
https://workflowy.com/s/educational-song-bra/jdvNQSS435tle0kb,@brainlift_vocab
https://workflowy.com/s/ai-storytelling/GmsWOWV82JkiLvZ6,@brainlift_aisto
https://workflowy.com/s/2025-05-20t2144-iep/yguYStl1XXDd1smS,@brainlift_axelh
https://workflowy.com/s/chesslift/AkmUMkXtBNCCmysP,@brainlift_chess
https://workflowy.com/s/deep-research-mcp/kGc8Kt0omndcq9VI,@brainlift_deepr
https://workflowy.com/s/english-incept/mWiJjaShIxROtlZ0,@brainlift_engli
https://workflowy.com/s/growthgameai/AQpQjJt7uLjygdim,@brainlift_growt
https://workflowy.com/s/language-learning-br/9fhLqZ2qLpR6nQ6K,@brainlift_langu
https://workflowy.com/s/persistent-ai-tutor/sVi4d9jCL85WU81D,@brainlift_mathg
https://workflowy.com/s/timeback-dash/RdCu9isis5yHJYe6,@brainlift_timeb
https://workflowy.com/s/alphagt-school-chess/5cqTPhmiiU5P1Dw1,@brainliftchess
https://workflowy.com/s/timebotkyros-the-tim/mmpXSlDuxof9sC2W,@brainlift_kyros
https://workflowy.com/s/agora/eQBLzlARym4R2ADP,@brainlift_agora
https://workflowy.com/s/ootd/T4nRl9ieg0tji8JB,@brainlift_ootd
https://workflowy.com/s/berry-expertise-brai/Seb4cvkADTzhbX8v,@brainlift_berry
https://workflowy.com/s/mindsurf-brainlift/VG0ufsbtn7f77jyX,@brainlift_surf